anchors,edges,error,failure,flipped,flipped_count,loo_max_los_m,los_max_offset_m,los_median_offset_m,margins,meta_bias_hi,meta_bias_lo,meta_cap,meta_gap,meta_seed,meta_shadow,method,nlos_edges,nlos_median_offset_m,objective,oracle_flips,oracle_objective,orient_flip,positions,runtime_s,scene,status,truth
8,28,,none,,0,0.23115127123376825,0.05054985276309106,0.023662514562474514,"{""G1"": 45.34, ""G2"": 204.93, ""G3"": 88.16, ""N1"": 79.98, ""N2"": 201.13, ""N3"": 122.67, ""N4"": 45.34, ""T"": 36.23}",3.0,1.6,0,0.0,0,hetero,p_af_c16_d1,16,0.37286090179622716,68.84640105652448,0,68.84640105633048,0,"{""G1"": [0.0, 0.0], ""G2"": [1.994, 0.0], ""G3"": [3.064, -0.309], ""N1"": [-5.307, 7.967], ""N2"": [-5.331, 6.658], ""N3"": [-5.401, 5.059], ""N4"": [-4.025, 7.397], ""T"": [1.541, 2.049]}",0.8964629860129207,drawing_b1.6-3_g0_hetero_cap0_r0,ok,"{""N1"": [2.7, 8.3], ""N2"": [4.0, 8.3], ""N3"": [5.6, 8.3], ""N4"": [3.2, 7.0], ""G1"": [10.3, 3.1], ""G2"": [10.3, 1.1], ""G3"": [10.5, 0.0], ""T"": [8.2, 1.6]}"
8,28,,none,,0,0.26020052898314994,0.018085064458857967,0.01427395619209761,"{""G1"": 27.02, ""G2"": 215.11, ""G3"": 92.6, ""N1"": 80.33, ""N2"": 199.46, ""N3"": 121.33, ""N4"": 51.24, ""T"": 59.63}",3.0,1.6,0,0.0,1,hetero,p_af_c16_d1,16,0.49241197476896015,60.786403126125904,0,60.78640312626366,0,"{""G1"": [0.0, 0.0], ""G2"": [1.991, 0.0], ""G3"": [3.11, 0.175], ""N1"": [-5.847, -7.541], ""N2"": [-5.782, -6.237], ""N3"": [-5.7, -4.632], ""N4"": [-4.497, -7.098], ""T"": [1.45, -2.099]}",1.307002942005056,drawing_b1.6-3_g0_hetero_cap0_r1,ok,"{""N1"": [2.7, 8.3], ""N2"": [4.0, 8.3], ""N3"": [5.6, 8.3], ""N4"": [3.2, 7.0], ""G1"": [10.3, 3.1], ""G2"": [10.3, 1.1], ""G3"": [10.5, 0.0], ""T"": [8.2, 1.6]}"
8,28,,none,,0,0.24309741069084392,0.022454324965761184,0.015155131492141215,"{""G1"": 49.83, ""G2"": 114.75, ""G3"": 49.83, ""N1"": 75.21, ""N2"": 199.7, ""N3"": 118.83, ""N4"": 62.73, ""T"": 42.66}",3.0,1.6,0,0.0,2,hetero,p_af_c16_d1,16,0.42608685572371785,79.52606840791772,0,79.52606840997571,0,"{""G1"": [0.0, 0.0], ""G2"": [-1.971, 0.0], ""G3"": [-3.112, -0.191], ""N1"": [5.652, 7.629], ""N2"": [5.712, 6.345], ""N3"": [5.608, 4.736], ""N4"": [4.386, 7.152], ""T"": [-1.474, 2.113]}",1.5560481180000352,drawing_b1.6-3_g0_hetero_cap0_r2,ok,"{""N1"": [2.7, 8.3], ""N2"": [4.0, 8.3], ""N3"": [5.6, 8.3], ""N4"": [3.2, 7.0], ""G1"": [10.3, 3.1], ""G2"": [10.3, 1.1], ""G3"": [10.5, 0.0], ""T"": [8.2, 1.6]}"
8,28,,none,,0,0.2608357186449359,0.03825338887733402,0.024522795808342462,"{""G1"": 52.33, ""G2"": 204.49, ""G3"": 86.33, ""N1"": 75.93, ""N2"": 200.04, ""N3"": 118.27, ""N4"": 52.33, ""T"": 52.79}",3.0,1.6,0,0.0,3,hetero,p_af_c16_d1,16,0.4182845480371884,66.294004250144,0,66.29400425035826,0,"{""G1"": [0.0, 0.0], ""G2"": [-1.974, 0.0], ""G3"": [-3.09, -0.268], ""N1"": [5.643, 7.667], ""N2"": [5.522, 6.364], ""N3"": [5.53, 4.752], ""N4"": [4.31, 7.206], ""T"": [-1.481, 2.103]}",1.4645149950083578,drawing_b1.6-3_g0_hetero_cap0_r3,ok,"{""N1"": [2.7, 8.3], ""N2"": [4.0, 8.3], ""N3"": [5.6, 8.3], ""N4"": [3.2, 7.0], ""G1"": [10.3, 3.1], ""G2"": [10.3, 1.1], ""G3"": [10.5, 0.0], ""T"": [8.2, 1.6]}"
8,28,,unknown,G1 G3 T,3,2.3631246953772567,0.2284212321126294,0.13017896360526782,{},3.0,1.6,0,0.0,2,hetero,gui_intervals,16,9.485618431058246,443.69984332746867,-1,nan,1,"{""G1"": [0.0, 0.0], ""G2"": [1.719, 0.0], ""G3"": [2.773, 0.372], ""N1"": [-9.01, 2.128], ""N2"": [-7.966, 2.888], ""N3"": [-6.568, 3.719], ""N4"": [-7.757, 1.292], ""T"": [1.234, -2.154]}",3.939714036998339,drawing_b1.6-3_g0_hetero_cap0_r2,ok,"{""N1"": [2.7, 8.3], ""N2"": [4.0, 8.3], ""N3"": [5.6, 8.3], ""N4"": [3.2, 7.0], ""G1"": [10.3, 3.1], ""G2"": [10.3, 1.1], ""G3"": [10.5, 0.0], ""T"": [8.2, 1.6]}"
8,28,,none,,0,0.18857965981808453,0.027404914081122892,0.013402741824712804,"{""G1"": 46.72, ""G2"": 196.59, ""G3"": 73.32, ""N1"": 81.32, ""N2"": 124.33, ""N3"": 116.92, ""N4"": 68.49, ""T"": 57.74}",3.0,1.6,0,0.0,4,hetero,p_af_c16_d1,16,0.32000692647442036,80.33295864399234,0,80.33295863287778,0,"{""G1"": [0.0, 0.0], ""G2"": [-1.969, 0.0], ""G3"": [-3.054, -0.193], ""N1"": [5.527, 7.742], ""N2"": [5.546, 6.396], ""N3"": [5.496, 4.8], ""N4"": [4.3, 7.209], ""T"": [-1.462, 2.11]}",1.6327146260009613,drawing_b1.6-3_g0_hetero_cap0_r4,ok,"{""N1"": [2.7, 8.3], ""N2"": [4.0, 8.3], ""N3"": [5.6, 8.3], ""N4"": [3.2, 7.0], ""G1"": [10.3, 3.1], ""G2"": [10.3, 1.1], ""G3"": [10.5, 0.0], ""T"": [8.2, 1.6]}"
8,28,,unknown,G1 G3 T,3,2.225446703674853,0.2379665433482304,0.11008095298320503,{},3.0,1.6,0,0.0,1,hetero,gui_intervals,16,8.80446603560934,328.4846772791416,-1,nan,1,"{""G1"": [0.0, 0.0], ""G2"": [1.691, 0.0], ""G3"": [2.755, -0.277], ""N1"": [-9.133, -1.379], ""N2"": [-8.124, -2.221], ""N3"": [-6.82, -3.185], ""N4"": [-7.92, -0.647], ""T"": [1.209, 2.168]}",4.447320191000472,drawing_b1.6-3_g0_hetero_cap0_r1,ok,"{""N1"": [2.7, 8.3], ""N2"": [4.0, 8.3], ""N3"": [5.6, 8.3], ""N4"": [3.2, 7.0], ""G1"": [10.3, 3.1], ""G2"": [10.3, 1.1], ""G3"": [10.5, 0.0], ""T"": [8.2, 1.6]}"
8,28,,unknown,G3 T,2,1.8684755963154913,0.3400042139044026,0.24762317031111952,{},3.0,1.6,0,0.0,0,hetero,gui_intervals,16,6.091775392237909,353.9430556444412,-1,nan,0,"{""G1"": [0.0, 0.0], ""G2"": [1.685, 0.0], ""G3"": [2.545, 0.693], ""N1"": [-8.092, -4.578], ""N2"": [-7.671, -3.333], ""N3"": [-7.281, -1.779], ""N4"": [-6.801, -4.522], ""T"": [2.066, -1.979]}",5.224018470005831,drawing_b1.6-3_g0_hetero_cap0_r0,ok,"{""N1"": [2.7, 8.3], ""N2"": [4.0, 8.3], ""N3"": [5.6, 8.3], ""N4"": [3.2, 7.0], ""G1"": [10.3, 3.1], ""G2"": [10.3, 1.1], ""G3"": [10.5, 0.0], ""T"": [8.2, 1.6]}"
8,28,,unknown,G1 G3 T,3,2.3352621721428446,0.22833022563203,0.10532386331381405,{},3.0,1.6,0,0.0,3,hetero,gui_intervals,16,9.450879818021665,389.1427716319815,-1,nan,1,"{""G1"": [0.0, 0.0], ""G2"": [1.701, 0.0], ""G3"": [2.82, -0.194], ""N1"": [-8.835, -2.682], ""N2"": [-7.692, -3.322], ""N3"": [-6.28, -4.145], ""N4"": [-7.695, -1.791], ""T"": [1.102, 2.187]}",4.362406838001334,drawing_b1.6-3_g0_hetero_cap0_r3,ok,"{""N1"": [2.7, 8.3], ""N2"": [4.0, 8.3], ""N3"": [5.6, 8.3], ""N4"": [3.2, 7.0], ""G1"": [10.3, 3.1], ""G2"": [10.3, 1.1], ""G3"": [10.5, 0.0], ""T"": [8.2, 1.6]}"
8,28,,none,,0,0.2227721150758734,0.046136922976607854,0.02121621507388029,"{""G1"": 45.24, ""G2"": 112.43, ""G3"": 91.46, ""N1"": 76.94, ""N2"": 192.41, ""N3"": 115.86, ""N4"": 74.52, ""T"": 51.0}",3.0,1.6,0,0.0,5,hetero,p_af_c16_d1,16,0.33931830390703055,75.02284292128527,0,75.02284292034304,0,"{""G1"": [0.0, 0.0], ""G2"": [1.936, 0.0], ""G3"": [3.097, 0.169], ""N1"": [-5.421, -7.877], ""N2"": [-5.402, -6.564], ""N3"": [-5.415, -4.955], ""N4"": [-4.14, -7.401], ""T"": [1.483, -2.091]}",1.4294355099991662,drawing_b1.6-3_g0_hetero_cap0_r5,ok,"{""N1"": [2.7, 8.3], ""N2"": [4.0, 8.3], ""N3"": [5.6, 8.3], ""N4"": [3.2, 7.0], ""G1"": [10.3, 3.1], ""G2"": [10.3, 1.1], ""G3"": [10.5, 0.0], ""T"": [8.2, 1.6]}"
8,28,,none,,0,0.22330539461297633,0.014975590802147463,0.009922981339698402,"{""G1"": 36.4, ""G2"": 203.64, ""G3"": 81.68, ""N1"": 76.28, ""N2"": 196.26, ""N3"": 111.53, ""N4"": 67.91, ""T"": 30.12}",3.0,1.6,0,0.0,6,hetero,p_af_c16_d1,16,0.35491316028510167,74.0291634635448,0,74.02916345938687,0,"{""G1"": [0.0, 0.0], ""G2"": [1.994, 0.0], ""G3"": [3.107, -0.219], ""N1"": [-5.45, 7.787], ""N2"": [-5.51, 6.494], ""N3"": [-5.542, 4.936], ""N4"": [-4.174, 7.273], ""T"": [1.502, 2.112]}",1.480320322996704,drawing_b1.6-3_g0_hetero_cap0_r6,ok,"{""N1"": [2.7, 8.3], ""N2"": [4.0, 8.3], ""N3"": [5.6, 8.3], ""N4"": [3.2, 7.0], ""G1"": [10.3, 3.1], ""G2"": [10.3, 1.1], ""G3"": [10.5, 0.0], ""T"": [8.2, 1.6]}"
8,28,,none,,0,0.24923268727678408,0.03804833550775083,0.019860973017226433,"{""G1"": 30.72, ""G2"": 211.83, ""G3"": 89.47, ""N1"": 81.52, ""N2"": 114.35, ""N3"": 120.25, ""N4"": 67.42, ""T"": 43.07}",3.0,1.6,0,0.0,7,hetero,p_af_c16_d1,16,0.431606073354302,63.263316042294264,0,63.26331604268579,0,"{""G1"": [0.0, 0.0], ""G2"": [2.008, 0.0], ""G3"": [3.083, 0.274], ""N1"": [-5.156, -8.128], ""N2"": [-5.121, -6.789], ""N3"": [-5.205, -5.201], ""N4"": [-3.838, -7.635], ""T"": [1.526, -2.055]}",1.3292966760054696,drawing_b1.6-3_g0_hetero_cap0_r7,ok,"{""N1"": [2.7, 8.3], ""N2"": [4.0, 8.3], ""N3"": [5.6, 8.3], ""N4"": [3.2, 7.0], ""G1"": [10.3, 3.1], ""G2"": [10.3, 1.1], ""G3"": [10.5, 0.0], ""T"": [8.2, 1.6]}"
8,28,,unknown,G1 G3 T,3,2.0367954726296236,0.2722575915856108,0.1330422668511454,{},3.0,1.6,0,0.0,4,hetero,gui_intervals,16,8.04647745204879,440.2989824758183,-1,nan,1,"{""G1"": [0.0, 0.0], ""G2"": [1.621, 0.0], ""G3"": [2.672, 0.286], ""N1"": [-9.174, -0.069], ""N2"": [-8.377, 1.029], ""N3"": [-6.983, 1.872], ""N4"": [-8.035, -0.512], ""T"": [1.297, -2.155]}",5.666128671000479,drawing_b1.6-3_g0_hetero_cap0_r4,ok,"{""N1"": [2.7, 8.3], ""N2"": [4.0, 8.3], ""N3"": [5.6, 8.3], ""N4"": [3.2, 7.0], ""G1"": [10.3, 3.1], ""G2"": [10.3, 1.1], ""G3"": [10.5, 0.0], ""T"": [8.2, 1.6]}"
8,28,,unknown,G1 G2 G3 T,4,4.228806739760411,0.1768586858331097,0.12777740649735497,{},3.0,1.6,0,0.0,6,hetero,gui_intervals,16,12.12694245403952,169.25698450680488,-1,nan,1,"{""G1"": [0.0, 0.0], ""G2"": [1.946, 0.0], ""G3"": [3.1, 0.117], ""N1"": [-6.035, -7.177], ""N2"": [-6.117, -5.919], ""N3"": [-5.99, -4.332], ""N4"": [-4.755, -6.718], ""T"": [1.041, 2.023]}",3.377847080992069,drawing_b1.6-3_g0_hetero_cap0_r6,ok,"{""N1"": [2.7, 8.3], ""N2"": [4.0, 8.3], ""N3"": [5.6, 8.3], ""N4"": [3.2, 7.0], ""G1"": [10.3, 3.1], ""G2"": [10.3, 1.1], ""G3"": [10.5, 0.0], ""T"": [8.2, 1.6]}"
8,28,,none,,0,0.25486388301436497,0.037456143757430616,0.029389004396666706,"{""G1"": 18.95, ""G2"": 212.79, ""G3"": 90.96, ""N1"": 77.99, ""N2"": 203.91, ""N3"": 122.35, ""N4"": 62.82, ""T"": 37.01}",3.0,1.6,0,0.0,9,hetero,p_af_c16_d1,16,0.5088849475315165,62.56292172015657,0,62.56292172111895,0,"{""G1"": [0.0, 0.0], ""G2"": [2.019, 0.0], ""G3"": [3.12, 0.264], ""N1"": [-4.88, -8.254], ""N2"": [-5.041, -6.962], ""N3"": [-5.102, -5.346], ""N4"": [-3.628, -7.61], ""T"": [1.596, -2.05]}",0.7960869390080916,drawing_b1.6-3_g0_hetero_cap0_r9,ok,"{""N1"": [2.7, 8.3], ""N2"": [4.0, 8.3], ""N3"": [5.6, 8.3], ""N4"": [3.2, 7.0], ""G1"": [10.3, 3.1], ""G2"": [10.3, 1.1], ""G3"": [10.5, 0.0], ""T"": [8.2, 1.6]}"
8,28,,none,,0,0.23474010199989329,0.04041121686353781,0.028991650647471053,"{""G1"": 44.8, ""G2"": 71.41, ""G3"": 88.82, ""N1"": 69.49, ""N2"": 190.4, ""N3"": 111.95, ""N4"": 44.8, ""T"": 53.55}",3.0,1.6,0,0.0,8,hetero,p_af_c16_d1,16,0.36918349962026675,72.57191422468671,0,72.57191422530921,0,"{""G1"": [0.0, 0.0], ""G2"": [-1.935, 0.0], ""G3"": [-3.065, -0.195], ""N1"": [5.52, 7.801], ""N2"": [5.485, 6.505], ""N3"": [5.493, 4.9], ""N4"": [4.238, 7.299], ""T"": [-1.519, 2.116]}",1.4615071400039596,drawing_b1.6-3_g0_hetero_cap0_r8,ok,"{""N1"": [2.7, 8.3], ""N2"": [4.0, 8.3], ""N3"": [5.6, 8.3], ""N4"": [3.2, 7.0], ""G1"": [10.3, 3.1], ""G2"": [10.3, 1.1], ""G3"": [10.5, 0.0], ""T"": [8.2, 1.6]}"
8,28,,unknown,G1 T,2,4.016658465786427,0.3366050724049769,0.16257521429641106,{},3.0,1.6,0,0.0,5,hetero,gui_intervals,16,10.380860051468616,379.8200747039381,-1,nan,1,"{""G1"": [0.0, 0.0], ""G2"": [1.729, 0.0], ""G3"": [2.857, -0.069], ""N1"": [-7.471, 5.515], ""N2"": [-7.246, 4.293], ""N3"": [-6.756, 2.708], ""N4"": [-6.15, 5.384], ""T"": [0.693, -1.963]}",5.416226655986975,drawing_b1.6-3_g0_hetero_cap0_r5,ok,"{""N1"": [2.7, 8.3], ""N2"": [4.0, 8.3], ""N3"": [5.6, 8.3], ""N4"": [3.2, 7.0], ""G1"": [10.3, 3.1], ""G2"": [10.3, 1.1], ""G3"": [10.5, 0.0], ""T"": [8.2, 1.6]}"
8,28,,none,,0,0.37434158195826817,0.05389929278638959,0.02512145918070704,"{""G1"": 28.91, ""G2"": 197.81, ""G3"": 83.2, ""N1"": 77.36, ""N2"": 200.09, ""N3"": 123.1, ""N4"": 28.91, ""T"": 44.4}",5.0,3.0,0,0.0,0,hetero,p_af_c16_d1,16,0.6170280622503934,73.46806055495844,0,73.46806056713062,0,"{""G1"": [0.0, 0.0], ""G2"": [1.993, 0.0], ""G3"": [3.063, -0.318], ""N1"": [-5.448, 8.173], ""N2"": [-5.48, 6.864], ""N3"": [-5.577, 5.268], ""N4"": [-4.172, 7.595], ""T"": [1.545, 2.047]}",0.8399370769911911,drawing_b3-5_g0_hetero_cap0_r0,ok,"{""N1"": [2.7, 8.3], ""N2"": [4.0, 8.3], ""N3"": [5.6, 8.3], ""N4"": [3.2, 7.0], ""G1"": [10.3, 3.1], ""G2"": [10.3, 1.1], ""G3"": [10.5, 0.0], ""T"": [8.2, 1.6]}"
8,28,,unknown,G1 G3 T,3,2.4764793316245144,0.2324460633885263,0.10055945156264198,{},3.0,1.6,0,0.0,7,hetero,gui_intervals,16,10.65969655511963,292.6560438045391,-1,nan,1,"{""G1"": [0.0, 0.0], ""G2"": [1.79, 0.0], ""G3"": [2.891, -0.055], ""N1"": [-7.969, -4.907], ""N2"": [-6.685, -5.235], ""N3"": [-5.112, -5.496], ""N4"": [-7.172, -3.712], ""T"": [0.968, 2.04]}",4.38029340999492,drawing_b1.6-3_g0_hetero_cap0_r7,ok,"{""N1"": [2.7, 8.3], ""N2"": [4.0, 8.3], ""N3"": [5.6, 8.3], ""N4"": [3.2, 7.0], ""G1"": [10.3, 3.1], ""G2"": [10.3, 1.1], ""G3"": [10.5, 0.0], ""T"": [8.2, 1.6]}"
8,28,,none,,0,0.4345777195059494,0.017820258311563978,0.014354632352350237,"{""G1"": 41.21, ""G2"": 218.85, ""G3"": 94.2, ""N1"": 78.88, ""N2"": 199.94, ""N3"": 124.01, ""N4"": 68.41, ""T"": 20.35}",5.0,3.0,0,0.0,1,hetero,p_af_c16_d1,16,0.8030259699352812,59.41982135279072,0,59.41982135257652,0,"{""G1"": [0.0, 0.0], ""G2"": [1.991, 0.0], ""G3"": [3.11, 0.177], ""N1"": [-6.154, -7.618], ""N2"": [-6.074, -6.318], ""N3"": [-5.958, -4.713], ""N4"": [-4.799, -7.199], ""T"": [1.451, -2.099]}",1.4000192230014363,drawing_b3-5_g0_hetero_cap0_r1,ok,"{""N1"": [2.7, 8.3], ""N2"": [4.0, 8.3], ""N3"": [5.6, 8.3], ""N4"": [3.2, 7.0], ""G1"": [10.3, 3.1], ""G2"": [10.3, 1.1], ""G3"": [10.5, 0.0], ""T"": [8.2, 1.6]}"
8,28,,unknown,G1 G3 T,3,3.243699023920475,0.1370787550495833,0.07756444242332844,{},5.0,3.0,0,0.0,0,hetero,gui_intervals,16,12.328127084882347,495.4363055116866,-1,nan,1,"{""G1"": [0.0, 0.0], ""G2"": [1.837, 0.0], ""G3"": [3.011, 0.009], ""N1"": [-7.387, -6.028], ""N2"": [-6.114, -6.297], ""N3"": [-4.623, -6.8], ""N4"": [-6.711, -4.967], ""T"": [1.4, 2.247]}",3.1318877119920217,drawing_b3-5_g0_hetero_cap0_r0,ok,"{""N1"": [2.7, 8.3], ""N2"": [4.0, 8.3], ""N3"": [5.6, 8.3], ""N4"": [3.2, 7.0], ""G1"": [10.3, 3.1], ""G2"": [10.3, 1.1], ""G3"": [10.5, 0.0], ""T"": [8.2, 1.6]}"
8,28,,none,,0,0.38989253148314623,0.023092465163057223,0.01485123069901638,"{""G1"": 33.91, ""G2"": 117.02, ""G3"": 69.11, ""N1"": 71.87, ""N2"": 130.56, ""N3"": 118.09, ""N4"": 62.42, ""T"": 33.91}",5.0,3.0,0,0.0,2,hetero,p_af_c16_d1,16,0.6615428994908155,83.64821357764308,0,83.64821361212816,0,"{""G1"": [0.0, 0.0], ""G2"": [1.971, 0.0], ""G3"": [3.113, -0.185], ""N1"": [-5.869, 7.766], ""N2"": [-5.949, 6.484], ""N3"": [-5.834, 4.871], ""N4"": [-4.607, 7.274], ""T"": [1.472, 2.114]}",0.916957868001191,drawing_b3-5_g0_hetero_cap0_r2,ok,"{""N1"": [2.7, 8.3], ""N2"": [4.0, 8.3], ""N3"": [5.6, 8.3], ""N4"": [3.2, 7.0], ""G1"": [10.3, 3.1], ""G2"": [10.3, 1.1], ""G3"": [10.5, 0.0], ""T"": [8.2, 1.6]}"
8,28,,unknown,G1 G3 T,3,2.4241303886651187,0.24240033570450717,0.0981401630822859,{},3.0,1.6,0,0.0,9,hetero,gui_intervals,16,10.412361961134577,389.01713063243005,-1,nan,1,"{""G1"": [0.0, 0.0], ""G2"": [1.748, 0.0], ""G3"": [2.864, -0.073], ""N1"": [-8.11, -4.414], ""N2"": [-6.905, -4.879], ""N3"": [-5.377, -5.365], ""N4"": [-7.263, -3.399], ""T"": [0.975, 2.047]}",4.634113614010857,drawing_b1.6-3_g0_hetero_cap0_r9,ok,"{""N1"": [2.7, 8.3], ""N2"": [4.0, 8.3], ""N3"": [5.6, 8.3], ""N4"": [3.2, 7.0], ""G1"": [10.3, 3.1], ""G2"": [10.3, 1.1], ""G3"": [10.5, 0.0], ""T"": [8.2, 1.6]}"
8,28,,unknown,G1 G3 T,3,1.988937514648042,0.32514185162938175,0.2176683951682864,{},3.0,1.6,0,0.0,8,hetero,gui_intervals,16,6.88188050851373,328.4857314605309,-1,nan,0,"{""G1"": [0.0, 0.0], ""G2"": [1.602, 0.0], ""G3"": [2.565, -0.561], ""N1"": [-8.931, 2.968], ""N2"": [-8.154, 1.898], ""N3"": [-7.274, 0.55], ""N4"": [-7.436, 3.214], ""T"": [1.837, 2.059]}",5.652087218011729,drawing_b1.6-3_g0_hetero_cap0_r8,ok,"{""N1"": [2.7, 8.3], ""N2"": [4.0, 8.3], ""N3"": [5.6, 8.3], ""N4"": [3.2, 7.0], ""G1"": [10.3, 3.1], ""G2"": [10.3, 1.1], ""G3"": [10.5, 0.0], ""T"": [8.2, 1.6]}"
8,28,,none,,0,0.4046792721799217,0.04333095619664385,0.02852944082466982,"{""G1"": 43.62, ""G2"": 199.79, ""G3"": 83.86, ""N1"": 73.24, ""N2"": 197.09, ""N3"": 114.91, ""N4"": 52.42, ""T"": 37.19}",5.0,3.0,0,0.0,3,hetero,p_af_c16_d1,16,0.6552096829579305,68.9300041878453,0,68.93000418325836,0,"{""G1"": [0.0, 0.0], ""G2"": [1.972, 0.0], ""G3"": [3.086, -0.286], ""N1"": [-5.842, 7.805], ""N2"": [-5.703, 6.503], ""N3"": [-5.715, 4.893], ""N4"": [-4.504, 7.357], ""T"": [1.489, 2.1]}",0.9134837070014328,drawing_b3-5_g0_hetero_cap0_r3,ok,"{""N1"": [2.7, 8.3], ""N2"": [4.0, 8.3], ""N3"": [5.6, 8.3], ""N4"": [3.2, 7.0], ""G1"": [10.3, 3.1], ""G2"": [10.3, 1.1], ""G3"": [10.5, 0.0], ""T"": [8.2, 1.6]}"
8,28,,unknown,G1 G3 T,3,3.5934162760797546,0.22964558231040097,0.16068091017480227,{},5.0,3.0,0,0.0,1,hetero,gui_intervals,16,12.943916187509576,581.7716963729019,-1,nan,1,"{""G1"": [0.0, 0.0], ""G2"": [1.863, 0.0], ""G3"": [3.06, -0.117], ""N1"": [-7.57, -5.97], ""N2"": [-6.318, -6.356], ""N3"": [-4.736, -6.682], ""N4"": [-6.74, -4.83], ""T"": [1.78, 2.344]}",3.5928002659929916,drawing_b3-5_g0_hetero_cap0_r1,ok,"{""N1"": [2.7, 8.3], ""N2"": [4.0, 8.3], ""N3"": [5.6, 8.3], ""N4"": [3.2, 7.0], ""G1"": [10.3, 3.1], ""G2"": [10.3, 1.1], ""G3"": [10.5, 0.0], ""T"": [8.2, 1.6]}"
8,28,,unknown,G1 G3 T,3,3.7653849616371167,0.3067045108376195,0.2083300397898301,{},5.0,3.0,0,0.0,2,hetero,gui_intervals,16,13.283674033245163,921.028109354907,-1,nan,1,"{""G1"": [0.0, 0.0], ""G2"": [1.848, 0.0], ""G3"": [3.032, -0.3], ""N1"": [-7.755, -5.808], ""N2"": [-6.538, -6.216], ""N3"": [-4.941, -6.545], ""N4"": [-6.764, -4.613], ""T"": [2.02, 2.341]}",4.0791979109926615,drawing_b3-5_g0_hetero_cap0_r2,ok,"{""N1"": [2.7, 8.3], ""N2"": [4.0, 8.3], ""N3"": [5.6, 8.3], ""N4"": [3.2, 7.0], ""G1"": [10.3, 3.1], ""G2"": [10.3, 1.1], ""G3"": [10.5, 0.0], ""T"": [8.2, 1.6]}"
8,28,,none,,0,0.33819061322507693,0.02667442689046693,0.013231919545328283,"{""G1"": 36.77, ""G2"": 195.13, ""G3"": 71.55, ""N1"": 82.79, ""N2"": 125.06, ""N3"": 43.75, ""N4"": 65.57, ""T"": 37.69}",5.0,3.0,0,0.0,4,hetero,p_af_c16_d1,16,0.5341932029745518,80.17364941136984,0,80.17364943331788,0,"{""G1"": [0.0, 0.0], ""G2"": [1.97, 0.0], ""G3"": [3.056, 0.189], ""N1"": [-5.609, -7.993], ""N2"": [-5.625, -6.646], ""N3"": [-5.586, -5.051], ""N4"": [-4.381, -7.458], ""T"": [1.46, -2.111]}",1.8580408019915922,drawing_b3-5_g0_hetero_cap0_r4,ok,"{""N1"": [2.7, 8.3], ""N2"": [4.0, 8.3], ""N3"": [5.6, 8.3], ""N4"": [3.2, 7.0], ""G1"": [10.3, 3.1], ""G2"": [10.3, 1.1], ""G3"": [10.5, 0.0], ""T"": [8.2, 1.6]}"
8,28,,none,,0,0.38246575273050837,0.04600209848938729,0.019720271202730767,"{""G1"": 32.72, ""G2"": 214.15, ""G3"": 90.97, ""N1"": 77.43, ""N2"": 111.75, ""N3"": 118.74, ""N4"": 74.7, ""T"": 4.64}",5.0,3.0,0,0.0,5,hetero,p_af_c16_d1,16,0.6018310395492368,76.07622114878016,0,76.07622116139957,0,"{""G1"": [0.0, 0.0], ""G2"": [1.934, 0.0], ""G3"": [3.095, -0.186], ""N1"": [-5.497, 8.141], ""N2"": [-5.484, 6.827], ""N3"": [-5.514, 5.219], ""N4"": [-4.218, 7.656], ""T"": [1.492, 2.088]}",1.526115065003978,drawing_b3-5_g0_hetero_cap0_r5,ok,"{""N1"": [2.7, 8.3], ""N2"": [4.0, 8.3], ""N3"": [5.6, 8.3], ""N4"": [3.2, 7.0], ""G1"": [10.3, 3.1], ""G2"": [10.3, 1.1], ""G3"": [10.5, 0.0], ""T"": [8.2, 1.6]}"
8,28,,unknown,G3 T,2,4.6003939714923385,0.13652915505768237,0.12278569659718336,{},5.0,3.0,0,0.0,4,hetero,gui_intervals,16,13.836044335454861,457.6665218753294,-1,nan,1,"{""G1"": [0.0, 0.0], ""G2"": [1.952, 0.0], ""G3"": [3.172, 0.055], ""N1"": [-5.354, -8.067], ""N2"": [-5.737, -6.879], ""N3"": [-5.542, -5.194], ""N4"": [-4.272, -7.501], ""T"": [1.606, 2.214]}",2.9129474429937545,drawing_b3-5_g0_hetero_cap0_r4,ok,"{""N1"": [2.7, 8.3], ""N2"": [4.0, 8.3], ""N3"": [5.6, 8.3], ""N4"": [3.2, 7.0], ""G1"": [10.3, 3.1], ""G2"": [10.3, 1.1], ""G3"": [10.5, 0.0], ""T"": [8.2, 1.6]}"
8,28,,none,,0,0.38546252044125656,0.017681919852587245,0.011883899442640178,"{""G1"": 23.4, ""G2"": 198.26, ""G3"": 87.02, ""N1"": 75.2, ""N2"": 105.25, ""N3"": 99.29, ""N4"": 60.86, ""T"": 18.81}",5.0,3.0,0,0.0,6,hetero,p_af_c16_d1,16,0.6446301778460297,78.95184523927654,0,78.95184523653228,0,"{""G1"": [0.0, 0.0], ""G2"": [1.993, 0.0], ""G3"": [3.105, -0.23], ""N1"": [-5.714, 7.879], ""N2"": [-5.775, 6.585], ""N3"": [-5.816, 5.029], ""N4"": [-4.438, 7.361], ""T"": [1.507, 2.11]}",1.4132299199991394,drawing_b3-5_g0_hetero_cap0_r6,ok,"{""N1"": [2.7, 8.3], ""N2"": [4.0, 8.3], ""N3"": [5.6, 8.3], ""N4"": [3.2, 7.0], ""G1"": [10.3, 3.1], ""G2"": [10.3, 1.1], ""G3"": [10.5, 0.0], ""T"": [8.2, 1.6]}"
8,28,,unknown,G1 G3 T,3,3.7143102093271323,0.3004493555348927,0.2070602993005884,{},5.0,3.0,0,0.0,3,hetero,gui_intervals,16,13.170953254442306,812.0112071093761,-1,nan,1,"{""G1"": [0.0, 0.0], ""G2"": [1.834, 0.0], ""G3"": [3.073, -0.114], ""N1"": [-7.412, -6.18], ""N2"": [-6.136, -6.434], ""N3"": [-4.54, -6.776], ""N4"": [-6.573, -4.974], ""T"": [1.877, 2.418]}",3.944005741010187,drawing_b3-5_g0_hetero_cap0_r3,ok,"{""N1"": [2.7, 8.3], ""N2"": [4.0, 8.3], ""N3"": [5.6, 8.3], ""N4"": [3.2, 7.0], ""G1"": [10.3, 3.1], ""G2"": [10.3, 1.1], ""G3"": [10.5, 0.0], ""T"": [8.2, 1.6]}"
8,28,,unknown,G3 T,2,4.621980847284597,0.16582356296870682,0.12122582836138897,{},5.0,3.0,0,0.0,5,hetero,gui_intervals,16,13.969945629431013,206.10186008844772,-1,nan,1,"{""G1"": [0.0, 0.0], ""G2"": [1.901, 0.0], ""G3"": [3.152, -0.098], ""N1"": [-5.288, 8.275], ""N2"": [-5.47, 7.057], ""N3"": [-5.406, 5.373], ""N4"": [-4.081, 7.784], ""T"": [1.534, -2.223]}",3.4002576890052296,drawing_b3-5_g0_hetero_cap0_r5,ok,"{""N1"": [2.7, 8.3], ""N2"": [4.0, 8.3], ""N3"": [5.6, 8.3], ""N4"": [3.2, 7.0], ""G1"": [10.3, 3.1], ""G2"": [10.3, 1.1], ""G3"": [10.5, 0.0], ""T"": [8.2, 1.6]}"
8,28,,none,,0,0.41429866518634373,0.042294764254001256,0.02127766780750696,"{""G1"": 42.6, ""G2"": 211.54, ""G3"": 88.82, ""N1"": 82.4, ""N2"": 109.58, ""N3"": 116.75, ""N4"": 55.43, ""T"": 13.48}",5.0,3.0,0,0.0,7,hetero,p_af_c16_d1,16,0.6912880745882379,61.29390888150813,0,61.293908878420865,0,"{""G1"": [0.0, 0.0], ""G2"": [2.006, 0.0], ""G3"": [3.079, 0.286], ""N1"": [-5.272, -8.382], ""N2"": [-5.219, -7.042], ""N3"": [-5.298, -5.456], ""N4"": [-3.948, -7.901], ""T"": [1.531, -2.054]}",1.4586567970109172,drawing_b3-5_g0_hetero_cap0_r7,ok,"{""N1"": [2.7, 8.3], ""N2"": [4.0, 8.3], ""N3"": [5.6, 8.3], ""N4"": [3.2, 7.0], ""G1"": [10.3, 3.1], ""G2"": [10.3, 1.1], ""G3"": [10.5, 0.0], ""T"": [8.2, 1.6]}"
8,28,,none,,0,0.3771254010533885,0.04068625938726959,0.030156331375594005,"{""G1"": 26.9, ""G2"": 211.54, ""G3"": 86.81, ""N1"": 65.19, ""N2"": 190.09, ""N3"": 106.94, ""N4"": 30.56, ""T"": 39.3}",5.0,3.0,0,0.0,8,hetero,p_af_c16_d1,16,0.5849480344380187,75.96116415276485,0,75.9611641575125,0,"{""G1"": [0.0, 0.0], ""G2"": [1.934, 0.0], ""G3"": [3.063, 0.208], ""N1"": [-5.567, -8.085], ""N2"": [-5.541, -6.786], ""N3"": [-5.586, -5.186], ""N4"": [-4.289, -7.568], ""T"": [1.526, -2.113]}",0.7530242189968703,drawing_b3-5_g0_hetero_cap0_r8,ok,"{""N1"": [2.7, 8.3], ""N2"": [4.0, 8.3], ""N3"": [5.6, 8.3], ""N4"": [3.2, 7.0], ""G1"": [10.3, 3.1], ""G2"": [10.3, 1.1], ""G3"": [10.5, 0.0], ""T"": [8.2, 1.6]}"
8,28,,none,,0,0.42009850793027376,0.039694837562442686,0.029219653687839575,"{""G1"": 46.07, ""G2"": 213.81, ""G3"": 90.71, ""N1"": 76.11, ""N2"": 202.65, ""N3"": 123.26, ""N4"": 57.21, ""T"": 18.21}",5.0,3.0,0,0.0,9,hetero,p_af_c16_d1,16,0.7852483535166876,62.0064396667587,0,62.00643966433829,0,"{""G1"": [0.0, 0.0], ""G2"": [2.019, 0.0], ""G3"": [3.118, 0.27], ""N1"": [-4.918, -8.532], ""N2"": [-5.127, -7.248], ""N3"": [-5.217, -5.629], ""N4"": [-3.688, -7.847], ""T"": [1.599, -2.049]}",1.3385913569945842,drawing_b3-5_g0_hetero_cap0_r9,ok,"{""N1"": [2.7, 8.3], ""N2"": [4.0, 8.3], ""N3"": [5.6, 8.3], ""N4"": [3.2, 7.0], ""G1"": [10.3, 3.1], ""G2"": [10.3, 1.1], ""G3"": [10.5, 0.0], ""T"": [8.2, 1.6]}"
8,28,,unknown,G3 T,2,5.013744981900014,0.4212397318841598,0.28196589924389176,{},5.0,3.0,0,0.0,6,hetero,gui_intervals,16,14.8276851408082,530.2836359698006,-1,nan,1,"{""G1"": [0.0, 0.0], ""G2"": [1.902, 0.0], ""G3"": [3.164, -0.075], ""N1"": [-5.591, -8.15], ""N2"": [-5.813, -6.911], ""N3"": [-5.755, -5.303], ""N4"": [-4.369, -7.606], ""T"": [2.222, 2.442]}",4.693075342991506,drawing_b3-5_g0_hetero_cap0_r6,ok,"{""N1"": [2.7, 8.3], ""N2"": [4.0, 8.3], ""N3"": [5.6, 8.3], ""N4"": [3.2, 7.0], ""G1"": [10.3, 3.1], ""G2"": [10.3, 1.1], ""G3"": [10.5, 0.0], ""T"": [8.2, 1.6]}"
8,28,,unknown,G1 G3 T,3,3.4085877841525494,0.16514943909804597,0.11398634255284963,{},5.0,3.0,0,0.0,8,hetero,gui_intervals,16,12.926934158236552,283.4690694377143,-1,nan,1,"{""G1"": [0.0, 0.0], ""G2"": [1.836, 0.0], ""G3"": [3.06, 0.036], ""N1"": [-6.974, -6.902], ""N2"": [-5.648, -6.827], ""N3"": [-4.042, -6.869], ""N4"": [-6.28, -5.498], ""T"": [1.525, 2.249]}",2.9529585160053102,drawing_b3-5_g0_hetero_cap0_r8,ok,"{""N1"": [2.7, 8.3], ""N2"": [4.0, 8.3], ""N3"": [5.6, 8.3], ""N4"": [3.2, 7.0], ""G1"": [10.3, 3.1], ""G2"": [10.3, 1.1], ""G3"": [10.5, 0.0], ""T"": [8.2, 1.6]}"
8,28,,unknown,G1 G3 T,3,3.9137218828725495,0.30779998185731827,0.21255520717276977,{},5.0,3.0,0,0.0,7,hetero,gui_intervals,16,14.062085729272688,501.89925515574805,-1,nan,1,"{""G1"": [0.0, 0.0], ""G2"": [1.86, 0.0], ""G3"": [3.07, 0.099], ""N1"": [-6.712, 7.24], ""N2"": [-5.388, 7.28], ""N3"": [-3.79, 7.13], ""N4"": [-6.18, 5.89], ""T"": [1.981, -2.36]}",4.427910476006218,drawing_b3-5_g0_hetero_cap0_r7,ok,"{""N1"": [2.7, 8.3], ""N2"": [4.0, 8.3], ""N3"": [5.6, 8.3], ""N4"": [3.2, 7.0], ""G1"": [10.3, 3.1], ""G2"": [10.3, 1.1], ""G3"": [10.5, 0.0], ""T"": [8.2, 1.6]}"
8,28,,unknown,G3 T,2,4.769318893328685,0.2853358260771158,0.2028589424607033,{},5.0,3.0,0,0.0,9,hetero,gui_intervals,16,14.83706344536809,497.3136024316194,-1,nan,1,"{""G1"": [0.0, 0.0], ""G2"": [1.937, 0.0], ""G3"": [3.188, -0.036], ""N1"": [-4.865, -8.585], ""N2"": [-5.188, -7.339], ""N3"": [-5.442, -5.79], ""N4"": [-3.745, -7.917], ""T"": [2.021, 2.28]}",3.8982627709920052,drawing_b3-5_g0_hetero_cap0_r9,ok,"{""N1"": [2.7, 8.3], ""N2"": [4.0, 8.3], ""N3"": [5.6, 8.3], ""N4"": [3.2, 7.0], ""G1"": [10.3, 3.1], ""G2"": [10.3, 1.1], ""G3"": [10.5, 0.0], ""T"": [8.2, 1.6]}"
